Amazon,6
Larry,2
Mr,2
James,2
Thomas,2
Brian,2
Bought,1
Flaming,1
dtmac47,1
andrews56901,1
Star,1
SÃºper,1
P,1
beetle_X,1
J.,1
angelica,1
SeaJay,1
JESS1ME,1
Monique,1
Hector,1
Janette,1
Sallie,1
Very,1
Wesley,1
Bree,1
Darla,1
Bobby,1
Pa,1
Candice,1
Meg,1
Richard,1
Jackoline,1
Diego,1
DaveyJones,1
Ninja,1
J.K.,1
Big,1
Dan,1
Reflected,1
Andrew,1
Kris,1
Lance,1
Balen,1
Bigben,1
Hoofy,1
jonathan,1
2Tall,1
Greg,1
CEB,1
Blair,1
JB,1
cody,1
Dennis,1
Tom,1
Phillip,1
Keeley,1
Mike,1
KeithR,1
Justme2013,1
JS,1
Justin,1
Publius,1
Book,1
Jay,1
CR,1
ngawang,1
Venice,1
Design,1
Good,1
Mitch,1
Kent,1
Lydia,1
Alejandro,1
Nick,1
RDana,1
Jamie,1
Steve,1
Cindy,1
Terrence,1
Debi,1
M.,1
Robert,1
keith,1
Princess,1
Brady,1
Gary,1
DCL,1
Toni,1
HORSEMEN,1
Colorado,1
Alton,1
Reggie,1
Bernard,1
John,1
CJPRC49,1
Queensdigest,1
Fridgitator,1
Susan,1
cal,1
MaryArnold,1
Shy,1
Jody,1
Alberto,1
N.,1
Mary,1
mihir,1
