word,times
Men,33
Shirt,32
Sleeve,25
Cotton,19
Short,18
Pack,15
Neck,13
Shirts,12
Tee,11
Hanes,10
Crewneck,10
Crew,9
Fit,9
Style,9
Gildan,8
Essentials,8
Adult,7
Classic,7
Long,6
Multipack,6
Women,6
Wicking,6
Moisture,6
Heavyweight,5
Loom,5
Fruit,5
Unisex,5
Stretch,4
Amazon,4
Eversoft,4
Soft,4
Tech,4
Pocket,4
Available,4
Tall,4
Odor,3
Tees,3
Comfortable,3
Big,3
Trendy,3
Size,3
Breathable,3
Loose,3
Tops,3
Athletic,3
Sizes,3
Plus,3
Undershirt,3
Slim,2
Control,2
Carhartt,2
Clothes,2
Real,2
Champion,2
Dry,2
Workout,2
Heavy,2
Fashion,2
Graphic,2
Logo,2
Womens,2
Summer,2
Comfort,2
Blend,2
Ultra,2
Under,2
Armour,2
Undershirts,2
Cute,1
2024,1
Queen,1
Solid,1
Nautica,1
Beefy,1
Outfits,1
Multi,1
Cap,1
Calvin,1
Casual,1
Business,1
Basic,1
Packs,1
AUTOMET,1
Reg,1
G2000,1
Script,1
G1103,1
Spring,1
Venice,1
G5400,1
5XT,1
Blank,1
G8000,1
Dryblend,1
Brothers,1
Brooks,1
G1745,1
G1717,1
Colors,1
Collection,1
shirt,1
3XT,1
Klein,1
Rayon,1
Bamboo,1
ARCHY,1
DAVID,1
4X,1
White,1
Boys,1
Multipacks,1
Assorted,1
G1100,1
Comfortsoft,1
G2400,1
Burnout,1
4x,1
Dri,1
pack,1
cotton,1
Power,1
Protection,1
Ultimate,1
For,1
UPF,1
30,1
Tshirts,1
Fresh,1
Basics,1
4XL,1
Fitted,1
Lucky,1
Mens,1
AM,1
THE,1
INTO,1
Perfect,1
Brand,1
Notch,1
Russell,1
Henley,1
Tri,1
Everyday,1
Versatile,1
Stay,1
Crafted,1
Well,1
Fabric,1
Premium,1
Super,1
Royally,1
Kingsted,1
G5000,1
Tucked,1
Pro,1
Club,1
Gym,1
Running,1
Active,1
Tag,1
Free,1
Originals,1
Regular,1
Lightweight,1
5000,1
