B086KXNGKY,"Hanes Men's Pocket Undershirt Pack, Cotton Crew Neck T-Shirt, Moisture Wicking Tee, Assorted 6-Pack",   $21.98  ,https://m.media-amazon.com/images/I/61NxWlAdrpL._AC_SY741_.jpg,
B0787P86ZZ,"Gildan Men's Crew T-Shirts, Multipack, Style G1100",   $25.05  ,https://m.media-amazon.com/images/I/710o0VupScL._AC_SX679_.jpg,
B00NOY3JPC,"Hanes Men's T-Shirt, Beefy-T Heavyweight Cotton Crewneck Tee, 1 or 2 Pack, Available in Tall Sizes",   $6.68 ,https://m.media-amazon.com/images/I/71zRMNf2uvL._AC_SX679_.jpg,
B0785VMVF4,Under Armour Men's Tech 2.0 Short-Sleeve T-Shirt,   $14.30 ,https://m.media-amazon.com/images/I/51FKycqF0yS._AC_SX679_.jpg,
B086KY66PJ,"Hanes Men's Cotton, Moisture-Wicking Crew Tee Undershirts, Multi-Packs Available",   $21.54  ,https://m.media-amazon.com/images/I/71ueRA6JRFL._AC_SX679_.jpg,
B07611Y7N7,"Gildan Unisex Adult Ultra Cotton T-Shirt, Style G2000, Multipack",   $9.85 ,https://m.media-amazon.com/images/I/614rbIVRUJL._AC_SX679_.jpg,
B07JW8WZ7Z,"Gildan Men's V-Neck T-Shirts, Multipack, Style G1103",   $21.99  ,https://m.media-amazon.com/images/I/71nnt43KdKL._AC_SX679_.jpg,
B00VTV7O2Q,Fruit of the Loom Men's Eversoft Cotton Stay Tucked V-Neck T-Shirt,   $17.42  ,https://m.media-amazon.com/images/I/51sc3-LB+hL._AC_SY741_.jpg,
B0734DB457,Pro Club Men's 3-Pack Heavyweight Cotton Short Sleeve Crew Neck T-Shirt,   $24.49  ,https://m.media-amazon.com/images/I/71zzBYSuuCL._AC_SX569_.jpg,
B08F2NNTJ4,"Fruit of the Loom Men's Eversoft Cotton Short Sleeve Pocket T-Shirts, Breathable & Tag Free",   $19.98 ,https://m.media-amazon.com/images/I/81SIfJkBVTL._AC_SY741_.jpg,
B0C5S2JBXZ,Hanes Men's Originals Lightweight Tri-Blend Crewneck T-Shirts,   $6.93 ,https://m.media-amazon.com/images/I/817eT2DbpeL._AC_SX679_.jpg,
B071DVQLT2,"Russell Athletic Men's Dri-Power Cotton Blend Short Sleeve Tees, Moisture Wicking, Odor Protection, UPF 30+, Sizes S-4x",   $8.22 ,https://m.media-amazon.com/images/I/71F4P1t80EL._AC_SX679_.jpg,
B07775QYLL,Lucky Brand Men's Venice Burnout Notch Neck Tee,   $24.15 ,https://m.media-amazon.com/images/I/71Z4fIIWDtL._AC_SX679_.jpg,
B077XM3DV5,Under Armour Men's Tech 2.0 V-Neck Short-Sleeve T-Shirt,   $12.29 ,https://m.media-amazon.com/images/I/71tvs6UQt9L._AC_SY741_.jpg,
B00KRYLKH6,Hanes Women's Perfect-T Short Sleeve Cotton Crewneck T-Shirt,   $7.66  ,https://m.media-amazon.com/images/I/71M9peTkd3L._AC_SX679_.jpg,
B08XTWF6DH,INTO THE AM Mens T Shirt - Short Sleeve Crew Neck Soft Fitted Tees S - 4XL Fresh Classic Tshirts,   $24.95 ,https://m.media-amazon.com/images/I/61E4URgY4xL._AC_SX569_.jpg,
B0CHN52259,"Hanes Women's Essentials T-Shirt, Cotton Crewneck Tee, Classic Fit T-Shirt For Women",   $5.00 ,https://m.media-amazon.com/images/I/81ys3yKhU0L._AC_SX679_.jpg,
B0BHX6W3SJ,"Hanes Men's Ultimate Comfort Fit Undershirt,Crewneck Stretch-cotton T-Shirt, 4-pack",   $30.28 ,https://m.media-amazon.com/images/I/41jtEHxTFeL._AC_SX679_.jpg,
B06WVFR6ZY,Carhartt Men's Loose Fit Heavyweight Long-Sleeve Pocket Henley T-Shirt,,https://m.media-amazon.com/images/I/61uaw5roTOL._AC_SX679_.jpg,
B0BPDZ61XX,"Champion Men's Classic Everyday Soft, Comfortable T-Shirt (Regular or Big & Tall)",   $14.00 ,https://m.media-amazon.com/images/I/51ymWaWO2mL._AC_SX679_.jpg,
B00KBZOTKQ,"Hanes Men's Short Sleeve T-Shirt Pack, Essentials Crewneck Cotton T-Shirt, 4 or 6 Pack",   $17.58 ,https://m.media-amazon.com/images/I/612OCczgZHL._AC_SX679_.jpg,
B07DRN7QQD,Real Essentials 5 Pack: Men’s Short Sleeve Dry Fit Active Crew Neck T Shirt - Athletic Running Gym Workout Tee Tops,   $34.99  ,https://m.media-amazon.com/images/I/91FcSGFvMFL._AC_SX569_.jpg,
B0828MV4QR,"Gildan Unisex Adult Heavy Cotton T-Shirt, Style G5000, Multipack",   $34.99 ,https://m.media-amazon.com/images/I/61k3g0Rt5pL._AC_SX679_.jpg,
B09T5ZZC4X,Kingsted T-Shirts for Men Pack - Royally Comfortable - Super Soft Premium Fabric - Well-Crafted Classic Tee,   $39.87  ,https://m.media-amazon.com/images/I/71h0yd2XPML._AC_SX569_.jpg,
B071WY2Q29,"Amazon Essentials Men's Crew Neck T-Shirts, Pack of 6, Versatile Basics,",   $22.80  ,https://m.media-amazon.com/images/I/81z3--jN30L._AC_SX679_.jpg,
B09S6X25PC,"Gildan Unisex Adult Ultra Cotton Long Sleeve T-Shirt, Style G2400, Multipack",   $25.09  ,https://m.media-amazon.com/images/I/71agynPLO6L._AC_SX679_.jpg,
B07M61KYWL,"Gildan Adult Heavy Cotton Long Sleeve T-Shirt, Style G5400, 2-Pack",   $15.99  ,https://m.media-amazon.com/images/I/61aGgVBHTAL._AC_SX679_.jpg,
B005SN5J28,Hanes Men's 5-Pack Comfortsoft V-Neck Tee,   $30.56 ,https://m.media-amazon.com/images/I/71HEF0mgjpL._AC_SX679_.jpg,
B078L9XPC2,"Champion Men's T-Shirt, Classic Graphic T-Shirt, Soft and Comfortable T-Shirts for Men, Script Logo (Reg. or Big & Tall)",   $13.59 ,https://m.media-amazon.com/images/I/515FsvUTrAL._AC_SX679_.jpg,
B0CYC8XHTH,AUTOMET Womens Tops Summer Basic T Shirts Business Casual Loose Fit Cap Sleeve Tee Cute Clothes Trendy Fashion Outfits,   $14.99  ,https://m.media-amazon.com/images/I/71w37pvtncL._AC_SY741_.jpg,
B079HG6Z1S,Amazon Essentials Women's Classic-Fit Long-Sleeve Crewneck T-Shirt (Available in Plus Size),   $16.10  ,https://m.media-amazon.com/images/I/81mjnLT-BeL._AC_SX679_.jpg,
B07WWQ2X1P,Nautica Men's Short Sleeve Solid Crew Neck T-Shirt,   $24.99  ,https://m.media-amazon.com/images/I/71A-czu4m1L._AC_SX679_.jpg,
B08PKBDHWR,Carhartt Men's Loose Fit Heavyweight Short-Sleeve Pocket T-Shirt,,https://m.media-amazon.com/images/I/61ZS64JYWUL._AC_SX679_.jpg,
B0BPYCHYP9,Trendy Queen Womens Fashion Workout T Shirts Athletic Plus Size Tops Summer Trendy Clothes 2024 Short Sleeve Spring Tee,   $14.99  ,https://m.media-amazon.com/images/I/61TPDhFmZ1L._AC_SY741_.jpg,
B07TFRQWGV,Calvin Klein Men's Cotton Classic 5-Pack Slim Undershirts,   $40.00 ,https://m.media-amazon.com/images/I/61drVUDyljL._AC_SX679_.jpg,
B0C94V5CT8,"Fruit of the Loom Men's Eversoft Cotton Long Sleeve T Shirts, Breathable & Moisture Wicking with Odor Control",   $10.69 ,https://m.media-amazon.com/images/I/71MmdUSEFZL._AC_SY741_.jpg,
B0793FPC5M,"Amazon Essentials Women's Tech Stretch Short-Sleeve Crewneck T-Shirt (Available in Plus Size), Multipacks",   $17.10 ,https://m.media-amazon.com/images/I/91o0W7jGonL._AC_SX569_.jpg,
B07XR2TTFQ,"Amazon Essentials Women's Slim-Fit Short-Sleeve Crewneck T-Shirt, Pack of 2",   $14.50 ,https://m.media-amazon.com/images/I/71oq9OaNZ4L._AC_SY741_.jpg,
B00VTV9NFM,Fruit of the Loom Boys' Cotton White T Shirt,   $12.59  ,https://m.media-amazon.com/images/I/51MnHNpgyfL._AC_SY741_.jpg,
B09T3SFNRZ,"Fruit of the Loom Men's Eversoft Cotton T-Shirts, Breathable & Moisture Wicking with Odor Control, Sizes S-4X",   $14.27  ,https://m.media-amazon.com/images/I/71CtspAOaEL._AC_SY741_.jpg,
B00URENVUK,"DAVID ARCHY Men's Undershirt Bamboo Rayon Moisture-Wicking T-Shirts Stretch Crewneck/V-Neck Tees for Men, 3 or 5 Pack",   $39.99 ,https://m.media-amazon.com/images/I/61UB1leEbZL._AC_SY741_.jpg,
B094669VBC,Real Essentials 3 Pack: Men’s Big & Tall Tech Stretch Long-Sleeve & Short-Sleeve Dry-Fit T-Shirt (3XT-5XT),   $32.99  ,https://m.media-amazon.com/images/I/91Klz9MlGJL._AC_SX679_.jpg,
B01EKB6I00,Hanes Men’s Short Sleeve Graphic T-shirt Collection,   $9.95  ,https://m.media-amazon.com/images/I/81QaUk6YldL._AC_SX569_.jpg,
B07M987YPG,"Comfort Colors Adult Heavyweight Short Sleeve Tee, Style G1717/G1745",   $11.71  ,https://m.media-amazon.com/images/I/615tBBcQLEL._AC_SX679_.jpg,
B072R6TM6M,Brooks Brothers Men's Short Sleeve Cotton Crew Neck Logo T-Shirt,   $19.97 ,https://m.media-amazon.com/images/I/81S-MQjyy3L._AC_SX569_.jpg,
B07682FRBZ,"Gildan Unisex Adult Dryblend T-Shirt, Style G8000, Multipack",   $11.63 ,https://m.media-amazon.com/images/I/61E8ci-FoEL._AC_SX679_.jpg,
B079B6FN8V,Gildan Blank T-Shirt - Unisex Style 5000 Adult,   $6.99 ,https://m.media-amazon.com/images/I/51ifhEVuyvL._AC_SY741_.jpg,
